{"6282254050481@s.whatsapp.net":{"limit":64,"money":960},"6289501427163@s.whatsapp.net":{"limit":29,"money":100002},"6285718013150@s.whatsapp.net":{"limit":24,"money":0},"6281232095389@s.whatsapp.net":{"limit":100,"money":60},"6285246154386@s.whatsapp.net":{"limit":70,"money":80},"6282311168972@s.whatsapp.net":{"limit":23,"money":0},"6281243806647@s.whatsapp.net":{"limit":36,"money":20},"6281336498117@s.whatsapp.net":{"limit":4,"money":340},"628990216387@s.whatsapp.net":{"limit":27,"money":0},"601123587216@s.whatsapp.net":{"limit":27,"money":0},"6285792536058@s.whatsapp.net":{"limit":29,"money":0},"6283822058545@s.whatsapp.net":{"limit":6,"money":0},"6285609280895@s.whatsapp.net":{"limit":30,"money":100},"6283848617835@s.whatsapp.net":{"limit":984,"money":0},"6281272143510@s.whatsapp.net":{"limit":27,"money":0},"6285817207128@s.whatsapp.net":{"limit":23,"money":0},"6281266474982@s.whatsapp.net":{"limit":28,"money":0},"6285697485962@s.whatsapp.net":{"limit":13,"money":940},"6289529488131@s.whatsapp.net":{"limit":22,"money":0},"6285886205044@s.whatsapp.net":{"limit":22,"money":0},"6281291574497@s.whatsapp.net":{"limit":14,"money":0},"6282295510229@s.whatsapp.net":{"limit":28,"money":0},"601116092269@s.whatsapp.net":{"limit":29,"money":0},"6281233201458@s.whatsapp.net":{"limit":29,"money":0},"6282233437560@s.whatsapp.net":{"limit":29,"money":0},"6283193547584@s.whatsapp.net":{"limit":28,"money":0},"6283823105804@s.whatsapp.net":{"limit":20,"money":80},"6283191277915@s.whatsapp.net":{"limit":25,"money":60},"6282119532558@s.whatsapp.net":{"money":20,"limit":null},"6288215787525@s.whatsapp.net":{"limit":30,"money":0},"628882278257@s.whatsapp.net":{"limit":25,"money":0},"6282164383792@s.whatsapp.net":{"limit":26,"money":0},"6283899652519@s.whatsapp.net":{"limit":21,"money":0},"6289603765950@s.whatsapp.net":{"limit":30,"money":0},"6285784386795@s.whatsapp.net":{"limit":29,"money":40},"6283140991197@s.whatsapp.net":{"limit":25,"money":0},"62895417876778@s.whatsapp.net":{"limit":28,"money":0},"6285881871936@s.whatsapp.net":{"money":60,"limit":null},"6285933831488@s.whatsapp.net":{"limit":16,"money":0},"6289504583159@s.whatsapp.net":{"limit":0,"money":0},"6283863116560@s.whatsapp.net":{"limit":23,"money":0},"6281380056074@s.whatsapp.net":{"limit":0,"money":28},"6282136972541@s.whatsapp.net":{"limit":28,"money":0},"628991554058@s.whatsapp.net":{"limit":19,"money":0},"6285731052948@s.whatsapp.net":{"limit":29,"money":0},"6285850028765@s.whatsapp.net":{"limit":30,"money":0},"6281335923806@s.whatsapp.net":{"limit":30,"money":0},"6285142983213@s.whatsapp.net":{"limit":0,"money":0},"6285714897786@s.whatsapp.net":{"limit":22,"money":0},"6281374376298@s.whatsapp.net":{"limit":0,"money":0},"628812338069@s.whatsapp.net":{"limit":22,"money":0},"6283148746895@s.whatsapp.net":{"limit":20,"money":0},"6285964153282@s.whatsapp.net":{"limit":26,"money":0},"6282220871137@s.whatsapp.net":{"limit":0,"money":0},"62887437562831@s.whatsapp.net":{"limit":28,"money":0},"6281362746743@s.whatsapp.net":{"limit":19,"money":10000},"6289524126986@s.whatsapp.net":{"limit":28,"money":0},"6283879056657@s.whatsapp.net":{"limit":25,"money":0},"6281329556529@s.whatsapp.net":{"limit":0,"money":0},"6283102210505@s.whatsapp.net":{"limit":0,"money":0},"6285730139882@s.whatsapp.net":{"limit":28,"money":0},"6283861863602@s.whatsapp.net":{"limit":11,"money":21080},"6281346319835@s.whatsapp.net":{"limit":128,"money":193680},"6285175020091@s.whatsapp.net":{"limit":19,"money":40},"62895324126363@s.whatsapp.net":{"limit":29,"money":60},"62882008026251@s.whatsapp.net":{"limit":27,"money":0},"6281315563342@s.whatsapp.net":{"money":160,"limit":null},"6283160924821@s.whatsapp.net":{"limit":25,"money":0},"6285692372694@s.whatsapp.net":{"money":80,"limit":null},"628568790687@s.whatsapp.net":{"limit":26,"money":0},"6283114751090@s.whatsapp.net":{"limit":21,"money":60},"6281271541070@s.whatsapp.net":{"limit":29,"money":0},"601125802673@s.whatsapp.net":{"limit":20,"money":0},"6285213316410@s.whatsapp.net":{"limit":29,"money":0},"6288808605350@s.whatsapp.net":{"limit":29,"money":0},"6281353019640@s.whatsapp.net":{"limit":22,"money":0},"6283837793457@s.whatsapp.net":{"money":20,"limit":null},"6281563166990@s.whatsapp.net":{"limit":29,"money":0},"6283159411100@s.whatsapp.net":{"limit":28,"money":0},"6285954240927@s.whatsapp.net":{"limit":25,"money":0},"6282310283757@s.whatsapp.net":{"limit":29,"money":0},"6282334132575@s.whatsapp.net":{"limit":29,"money":0},"6282194136290@s.whatsapp.net":{"limit":13,"money":0},"6283894884908@s.whatsapp.net":{"limit":29,"money":0},"6285212651752@s.whatsapp.net":{"limit":27,"money":0},"6285732359538@s.whatsapp.net":{"limit":30,"money":0},"6288994342173@s.whatsapp.net":{"limit":26,"money":0},"6285171005656@s.whatsapp.net":{"limit":25,"money":0},"6282245391580@s.whatsapp.net":{"limit":23,"money":0},"6282331833491@s.whatsapp.net":{"limit":30,"money":0},"6282124738430@s.whatsapp.net":{"limit":29,"money":0},"6288983805194@s.whatsapp.net":{"limit":30,"money":0},"6281368704824@s.whatsapp.net":{"limit":28,"money":80},"6283157151148@s.whatsapp.net":{"limit":24,"money":0},"6285850222599@s.whatsapp.net":{"limit":22,"money":0},"6282155049516@s.whatsapp.net":{"limit":29,"money":0},"6285971606377@s.whatsapp.net":{"limit":30,"money":20},"6283138928867@s.whatsapp.net":{"limit":22,"money":0},"6285656558073@s.whatsapp.net":{"limit":23,"money":0},"62882006186099@s.whatsapp.net":{"limit":15,"money":0},"6282329195930@s.whatsapp.net":{"limit":29,"money":0},"6285648867985@s.whatsapp.net":{"limit":29,"money":0},"6281930704413@s.whatsapp.net":{"limit":30,"money":47000},"6289507637839@s.whatsapp.net":{"limit":39,"money":20000},"6289654057716@s.whatsapp.net":{"limit":26,"money":0},"6285755008064@s.whatsapp.net":{"limit":25,"money":0},"6282325733511@s.whatsapp.net":{"limit":29,"money":44000},"6285161883294@s.whatsapp.net":{"limit":29,"money":10986},"62857800873812@s.whatsapp.net":{"limit":29,"money":0},"6285867620148@s.whatsapp.net":{"limit":22,"money":0},"6282246033940@s.whatsapp.net":{"limit":27,"money":0},"6281230932049@s.whatsapp.net":{"limit":19,"money":0},"6289522007737@s.whatsapp.net":{"limit":25,"money":0},"6283866366771@s.whatsapp.net":{"limit":29,"money":0},"6283848674870@s.whatsapp.net":{"limit":20,"money":0},"6289514009632@s.whatsapp.net":{"limit":16,"money":0},"628388493556@s.whatsapp.net":{"limit":28,"money":0},"6283872483859@s.whatsapp.net":{"limit":29,"money":0},"6281398079271@s.whatsapp.net":{"limit":75,"money":0},"6285788648924@s.whatsapp.net":{"limit":27,"money":0},"6285814139004@s.whatsapp.net":{"limit":26,"money":0},"6283824882651@s.whatsapp.net":{"limit":28,"money":0},"6289675485050@s.whatsapp.net":{"limit":26,"money":0},"62882021085645@s.whatsapp.net":{"limit":29,"money":0},"6288279779584@s.whatsapp.net":{"money":1080},"6283898038140@s.whatsapp.net":{"limit":30,"money":"0"},"6282144660622@s.whatsapp.net":{"limit":21,"money":"0"},"6289666139220@s.whatsapp.net":{"limit":39,"money":0},"6285820238292@s.whatsapp.net":{"limit":30,"money":0},"6285752769542@s.whatsapp.net":{"limit":25,"money":0},"62881010886736@s.whatsapp.net":{"limit":28,"money":0},"6281246897580@s.whatsapp.net":{"limit":29,"money":0},"6285714301675@s.whatsapp.net":{"limit":28,"money":0},"6283835133274@s.whatsapp.net":{"limit":29,"money":0},"6282152686390@s.whatsapp.net":{"limit":22,"money":0},"628814936109@s.whatsapp.net":{"money":120,"limit":null},"6282178366605@s.whatsapp.net":{"limit":16,"money":0},"6287817369706@s.whatsapp.net":{"limit":29,"money":0},"6289684212268@s.whatsapp.net":{"limit":29,"money":0},"6285770073156@s.whatsapp.net":{"limit":23,"money":0},"62895705211393@s.whatsapp.net":{"limit":29,"money":0},"6281615169184@s.whatsapp.net":{"limit":28,"money":0},"6283183870393@s.whatsapp.net":{"limit":30,"money":0},"62857083363802@s.whatsapp.net":{"limit":11,"money":0},"6281288645424@s.whatsapp.net":{"limit":13,"money":0},"6282140550182@s.whatsapp.net":{"limit":25,"money":0},"6289521264682@s.whatsapp.net":{"limit":39,"money":0},"6283173759389@s.whatsapp.net":{"limit":29,"money":0},"62895360750310@s.whatsapp.net":{"limit":23,"money":0},"6289669029237@s.whatsapp.net":{"limit":29,"money":0},"6285880665970@s.whatsapp.net":{"limit":24,"money":0},"6287894604144@s.whatsapp.net":{"limit":39,"money":0},"6283152600588@s.whatsapp.net":{"limit":25,"money":0},"6283849203046@s.whatsapp.net":{"limit":25,"money":0},"6289685875729@s.whatsapp.net":{"limit":30,"money":0},"6283895230913@s.whatsapp.net":{"money":2000,"limit":"0"},"6285856622166@s.whatsapp.net":{"limit":33,"money":0},"6289526257195@s.whatsapp.net":{"limit":30,"money":"0"},"6285694070559@s.whatsapp.net":{"limit":29,"money":0},"62895330132327@s.whatsapp.net":{"limit":15,"money":0},"6282116596122@s.whatsapp.net":{"limit":29,"money":"0"},"6282181622818@s.whatsapp.net":{"limit":29,"money":0}}